BOARDID,TRADEDATE,SHORTNAME,SECID,NUMTRADES,VALUE,OPEN,LOW,HIGH,LEGALCLOSEPRICE,WAPRICE,CLOSE,VOLUME,MARKETPRICE2,MARKETPRICE3,ADMITTEDQUOTE,MP2VALTRD,MARKETPRICE3TRADESVALUE,ADMITTEDVALUE,WAVAL,TRADINGSESSION,CURRENCYID,TRENDCLSPR
TQBR,2017-09-01,Yandex clA,YNDX,3232,205239892.5,1746.5,1740.0,1867.5,1820.0,1805.0,1820.0,113715,1805.0,1805.0,1820.0,205239892.5,205239892.5,205239892.5,,3,SUR,3.88
TQBR,2017-09-04,Yandex clA,YNDX,1296,37640573.0,1817.0,1817.0,1837.5,1833.0,1828.5,1833.0,20587,1828.5,1828.5,1833.0,37640573.0,37640573.0,37640573.0,,3,SUR,0.71
TQBR,2017-09-05,Yandex clA,YNDX,3008,164572539.0,1831.5,1821.0,1886.0,1868.5,1865.5,1863.0,88227,1865.5,1865.5,1868.5,164572539.0,164572539.0,164572539.0,,3,SUR,1.64
TQBR,2017-09-06,Yandex clA,YNDX,2978,94412985.5,1861.5,1821.0,1885.0,1843.0,1857.5,1843.0,50823,1857.5,1857.5,1843.0,94412985.5,94412985.5,94412985.5,,3,SUR,-1.07
TQBR,2017-09-07,Yandex clA,YNDX,1567,63479676.0,1849.0,1798.0,1854.0,1820.0,1824.0,1820.0,34801,1824.0,1824.0,1820.0,63479676.0,63479676.0,63479676.0,,3,SUR,-1.25
TQBR,2017-09-08,Yandex clA,YNDX,2495,108075024.0,1855.5,1851.5,1897.0,1865.5,1875.0,1865.5,57644,1875.0,1875.0,1865.5,108075024.0,108075024.0,108075024.0,,3,SUR,2.5
TQBR,2017-09-11,Yandex clA,YNDX,3008,146432040.5,1859.5,1835.5,1881.5,1867.0,1858.0,1867.0,78812,1858.0,1858.0,1867.0,146432040.5,146432040.5,146432040.5,,3,SUR,0.08
TQBR,2017-09-12,Yandex clA,YNDX,2932,120652658.5,1867.0,1867.0,1938.0,1903.5,1906.0,1903.5,63303,1906.0,1906.0,1903.5,120652658.5,120652658.5,120652658.5,,3,SUR,1.96
TQBR,2017-09-13,Yandex clA,YNDX,2378,172705584.5,1903.0,1874.0,1925.0,1876.0,1888.5,1876.0,91462,1888.5,1888.5,1876.0,172705584.5,172705584.5,172705584.5,,3,SUR,-1.44
TQBR,2017-09-14,Yandex clA,YNDX,2043,146419101.0,1871.5,1841.0,1882.0,1858.0,1861.0,1858.0,78682,1861.0,1861.0,1858.0,146419101.0,146419101.0,146419101.0,,3,SUR,-0.96
TQBR,2017-09-15,Yandex clA,YNDX,2473,118672036.5,1869.0,1850.5,1913.5,1895.0,1886.0,1895.0,62930,1886.0,1886.0,1895.0,118672036.5,118672036.5,118672036.5,,3,SUR,1.99
TQBR,2017-09-18,Yandex clA,YNDX,1573,64518285.0,1890.0,1863.0,1908.0,1895.0,1885.0,1893.5,34230,1885.0,1885.0,1895.0,64518285.0,64518285.0,64518285.0,,3,SUR,-0.08
TQBR,2017-09-19,Yandex clA,YNDX,1983,105681376.0,1892.5,1840.0,1894.0,1873.0,1865.0,1872.5,56666,1865.0,1865.0,1873.0,105681376.0,105681376.0,105681376.0,,3,SUR,-1.11
TQBR,2017-09-20,Yandex clA,YNDX,1273,53131471.5,1880.0,1863.5,1891.0,1872.0,1874.5,1872.0,28348,1874.5,1874.5,1872.0,53131471.5,53131471.5,53131471.5,,3,SUR,-0.03
TQBR,2017-09-21,Yandex clA,YNDX,2551,128698439.5,1884.5,1860.0,1894.5,1872.0,1878.5,1872.0,68504,1878.5,1878.5,1872.0,128698439.5,128698439.5,128698439.5,,3,SUR,0.0
TQBR,2017-09-22,Yandex clA,YNDX,2303,135427371.5,1875.0,1867.0,1930.0,1922.0,1902.5,1922.0,71190,1902.5,1902.5,1922.0,135427371.5,135427371.5,135427371.5,,3,SUR,2.67
TQBR,2017-09-25,Yandex clA,YNDX,5565,319818610.0,1900.5,1846.0,1936.0,1853.0,1882.0,1853.0,169934,1882.0,1882.0,1853.0,319818610.0,319818610.0,319818610.0,,3,SUR,-3.59
TQBR,2017-09-26,Yandex clA,YNDX,3495,146129428.5,1864.5,1831.5,1885.0,1848.0,1860.0,1848.0,78570,1860.0,1860.0,1848.0,146129428.5,146129428.5,146129428.5,,3,SUR,-0.27
TQBR,2017-09-27,Yandex clA,YNDX,1984,84639032.5,1857.5,1841.0,1880.0,1867.0,1865.5,1867.0,45374,1865.5,1865.5,1867.0,84639032.5,84639032.5,84639032.5,,3,SUR,1.03
TQBR,2017-09-28,Yandex clA,YNDX,2546,129496183.5,1876.0,1846.5,1901.5,1856.0,1870.0,1856.5,69245,1870.0,1870.0,1856.0,129496183.5,129496183.5,129496183.5,,3,SUR,-0.56
TQBR,2017-09-29,Yandex clA,YNDX,1297,60376158.5,1865.5,1850.0,1877.0,1873.0,1868.0,1873.0,32317,1868.0,1868.0,1873.0,60376158.5,60376158.5,60376158.5,,3,SUR,0.89
TQBR,2017-10-02,Yandex clA,YNDX,3637,152669880.0,1880.5,1880.5,1940.0,1906.5,1913.0,1906.5,79811,1913.0,1913.0,1906.5,152669880.0,152669880.0,152669880.0,,3,SUR,1.79
TQBR,2017-10-03,Yandex clA,YNDX,3494,156084242.5,1914.5,1901.0,1974.5,1961.0,1944.5,1961.0,80270,1944.5,1944.5,1961.0,156084242.5,156084242.5,156084242.5,,3,SUR,2.86
TQBR,2017-10-04,Yandex clA,YNDX,2423,87956429.5,1951.0,1933.0,1992.5,1942.5,1968.5,1942.5,44684,1968.5,1968.5,1942.5,87956429.5,87956429.5,87956429.5,,3,SUR,-0.94
TQBR,2017-10-05,Yandex clA,YNDX,2111,106463338.5,1934.5,1911.0,1972.0,1925.0,1938.5,1925.0,54926,1938.5,1938.5,1925.0,106463338.5,106463338.5,106463338.5,,3,SUR,-0.9
TQBR,2017-10-06,Yandex clA,YNDX,2417,117225632.0,1939.0,1890.5,1960.0,1893.0,1918.0,1893.0,61115,1918.0,1918.0,1893.0,117225632.0,117225632.0,117225632.0,,3,SUR,-1.66
TQBR,2017-10-09,Yandex clA,YNDX,2062,67084412.5,1907.5,1890.0,1924.0,1920.0,1905.0,1920.0,35213,1905.0,1905.0,1920.0,67084412.5,67084412.5,67084412.5,,3,SUR,1.43
TQBR,2017-10-10,Yandex clA,YNDX,4874,252992771.5,1910.0,1838.0,1910.0,1840.0,1860.5,1840.0,135995,1860.5,1860.5,1840.0,252992771.5,252992771.5,252992771.5,,3,SUR,-4.17
TQBR,2017-10-11,Yandex clA,YNDX,2513,117189930.5,1854.5,1830.0,1864.0,1855.5,1849.0,1855.5,63386,1849.0,1849.0,1855.5,117189930.5,117189930.5,117189930.5,,3,SUR,0.84
TQBR,2017-10-12,Yandex clA,YNDX,2196,84729688.5,1855.0,1833.5,1878.0,1863.0,1855.0,1863.0,45672,1855.0,1855.0,1863.0,84729688.5,84729688.5,84729688.5,,3,SUR,0.4
TQBR,2017-10-13,Yandex clA,YNDX,2053,137323151.5,1864.0,1847.5,1874.5,1858.0,1860.0,1858.0,73895,1858.5,1858.5,1858.0,137323151.5,137323151.5,137323151.5,,3,SUR,-0.27
TQBR,2017-10-16,Yandex clA,YNDX,2412,105985928.5,1850.0,1825.0,1869.5,1832.0,1841.5,1832.0,57553,1841.5,1841.5,1832.0,105985928.5,105985928.5,105985928.5,,3,SUR,-1.4
TQBR,2017-10-17,Yandex clA,YNDX,1979,83786791.5,1832.0,1815.5,1852.5,1833.0,1827.0,1833.0,45820,1828.5,1828.5,1833.0,83786791.5,83786791.5,83786791.5,,3,SUR,0.05
TQBR,2017-10-18,Yandex clA,YNDX,2225,97020815.0,1833.0,1816.0,1857.0,1852.0,1840.5,1852.0,52711,1840.5,1840.5,1852.0,97020815.0,97020815.0,97020815.0,,3,SUR,1.04
TQBR,2017-10-19,Yandex clA,YNDX,1891,91669805.0,1859.0,1830.0,1860.0,1839.5,1836.0,1839.5,49930,1836.0,1836.0,1839.5,91669805.0,91669805.0,91669805.0,,3,SUR,-0.67
TQBR,2017-10-20,Yandex clA,YNDX,2740,110048479.5,1825.0,1790.0,1839.5,1796.0,1810.0,1796.0,60794,1810.0,1810.0,1796.0,110048479.5,110048479.5,110048479.5,,3,SUR,-2.36
TQBR,2017-10-23,Yandex clA,YNDX,2082,79774303.0,1796.0,1782.0,1812.0,1799.0,1795.5,1799.0,44436,1795.5,1795.5,1799.0,79774303.0,79774303.0,79774303.0,,3,SUR,0.17
TQBR,2017-10-24,Yandex clA,YNDX,11198,656929376.5,1787.0,1743.0,1950.0,1889.0,1848.0,1889.0,355146,1849.5,1849.5,1889.0,656929376.5,656929376.5,656929376.5,,3,SUR,5.0
TQBR,2017-10-25,Yandex clA,YNDX,3049,103337735.5,1899.5,1836.5,1908.0,1855.0,1872.5,1855.0,55192,1872.5,1872.5,1855.0,103337735.5,103337735.5,103337735.5,,3,SUR,-1.8
TQBR,2017-10-26,Yandex clA,YNDX,2818,161222915.0,1859.5,1840.0,1915.0,1896.0,1875.5,1896.0,85961,1875.5,1875.5,1896.0,161222915.0,161222915.0,161222915.0,,3,SUR,2.21
TQBR,2017-10-27,Yandex clA,YNDX,4459,201756661.5,1908.0,1890.5,1955.0,1917.5,1921.0,1921.0,105024,1921.0,1921.0,1917.5,201756661.5,201756661.5,201756661.5,,3,SUR,1.32
TQBR,2017-10-30,Yandex clA,YNDX,2633,89755584.5,1919.0,1878.0,1919.0,1898.0,1891.0,1898.0,47462,1891.0,1891.0,1898.0,89755584.5,89755584.5,89755584.5,,3,SUR,-1.2
TQBR,2017-10-31,Yandex clA,YNDX,4706,219245925.5,1900.5,1881.5,1971.0,1950.0,1927.5,1950.0,113758,1927.5,1927.5,1950.0,219245925.5,219245925.5,219245925.5,,3,SUR,2.74
TQBR,2017-11-01,Yandex clA,YNDX,5062,206088635.5,1950.0,1950.0,2023.5,1991.5,1988.5,1991.5,103642,1988.5,1988.5,1991.5,206088635.5,206088635.5,206088635.5,,3,SUR,2.13
TQBR,2017-11-02,Yandex clA,YNDX,3967,176252180.5,1980.0,1927.0,1984.5,1932.0,1956.0,1932.0,90102,1956.0,1956.0,1932.0,176252180.5,176252180.5,176252180.5,,3,SUR,-2.99
TQBR,2017-11-03,Yandex clA,YNDX,2592,91222227.0,1932.5,1930.0,1977.0,1965.0,1958.5,1965.0,46580,1958.5,1958.5,1965.0,91222227.0,91222227.0,91222227.0,,3,SUR,1.71
TQBR,2017-11-07,Yandex clA,YNDX,3932,122669766.5,1966.0,1943.5,1993.5,1950.5,1970.5,1950.5,62261,1970.5,1970.5,1950.5,122669766.5,122669766.5,122669766.5,,3,SUR,-0.74
TQBR,2017-11-08,Yandex clA,YNDX,2876,113315058.0,1944.0,1920.5,1969.5,1935.5,1946.5,1935.5,58256,1945.0,1945.0,1935.5,113315058.0,113315058.0,113315058.0,,3,SUR,-0.77
TQBR,2017-11-09,Yandex clA,YNDX,3140,133802573.5,1933.5,1883.0,1949.0,1890.0,1907.5,1890.0,70138,1907.5,1907.5,1890.0,133802573.5,133802573.5,133802573.5,,3,SUR,-2.35
TQBR,2017-11-10,Yandex clA,YNDX,2814,107774841.0,1890.0,1855.5,1910.0,1856.5,1884.5,1856.5,57188,1884.5,1884.5,1856.5,107774841.0,107774841.0,107774841.0,,3,SUR,-1.77
TQBR,2017-11-13,Yandex clA,YNDX,2767,116027583.5,1856.0,1840.5,1875.0,1860.0,1855.5,1860.0,62531,1855.5,1855.5,1860.0,116027583.5,116027583.5,116027583.5,,3,SUR,0.19
TQBR,2017-11-14,Yandex clA,YNDX,2764,174392049.5,1874.5,1862.0,1929.5,1890.0,1886.0,1890.0,92529,1884.5,1884.5,1890.0,174392049.5,174392049.5,174392049.5,,3,SUR,1.61
TQBR,2017-11-15,Yandex clA,YNDX,1685,57111272.5,1890.0,1857.0,1894.0,1873.0,1876.5,1873.0,30431,1876.5,1876.5,1873.0,57111272.5,57111272.5,57111272.5,,3,SUR,-0.9
TQBR,2017-11-16,Yandex clA,YNDX,1747,82010820.0,1889.0,1868.0,1926.0,1925.5,1896.0,1925.5,43257,1896.0,1896.0,1925.5,82010820.0,82010820.0,82010820.0,,3,SUR,2.8
TQBR,2017-11-17,Yandex clA,YNDX,2663,104262955.0,1926.5,1915.0,1967.5,1949.5,1941.5,1949.5,53704,1941.5,1941.5,1949.5,104262955.0,104262955.0,104262955.0,,3,SUR,1.25
TQBR,2017-11-20,Yandex clA,YNDX,2991,121175353.0,1965.0,1950.5,2008.0,2002.5,1980.5,2002.5,61177,1980.5,1980.5,2002.5,121175353.0,121175353.0,121175353.0,,3,SUR,2.72
TQBR,2017-11-21,Yandex clA,YNDX,4291,170884712.5,2001.0,1990.0,2060.0,2038.0,2024.0,2038.0,84419,2024.0,2024.0,2038.0,170884712.5,170884712.5,170884712.5,,3,SUR,1.77
TQBR,2017-11-22,Yandex clA,YNDX,2823,131870580.5,2030.0,1957.5,2039.5,1975.0,1994.0,1975.0,66128,1994.0,1994.0,1975.0,131870580.5,131870580.5,131870580.5,,3,SUR,-3.09
TQBR,2017-11-23,Yandex clA,YNDX,1370,46229853.0,1980.5,1980.0,1998.5,1987.5,1989.5,1987.5,23237,1989.5,1989.5,1987.5,46229853.0,46229853.0,46229853.0,,3,SUR,0.63
TQBR,2017-11-24,Yandex clA,YNDX,5973,243350998.0,1981.5,1981.5,2079.5,2025.0,2042.5,2025.0,119156,2042.5,2042.5,2025.0,243350998.0,243350998.0,243350998.0,,3,SUR,1.89
TQBR,2017-11-27,Yandex clA,YNDX,3953,124929876.5,2033.0,2015.0,2055.0,2017.0,2036.5,2017.0,61352,2036.5,2036.5,2017.0,124929876.5,124929876.5,124929876.5,,3,SUR,-0.4
TQBR,2017-11-28,Yandex clA,YNDX,3242,127048105.0,2019.0,1988.0,2029.5,1991.5,2005.0,1991.5,63360,2005.0,2005.0,1991.5,127048105.0,127048105.0,127048105.0,,3,SUR,-1.26
TQBR,2017-11-29,Yandex clA,YNDX,3231,172371076.5,2002.5,1933.0,2030.0,1957.0,1981.5,1957.0,86994,1981.5,1981.5,1957.0,172371076.5,172371076.5,172371076.5,,3,SUR,-1.73
TQBR,2017-11-30,Yandex clA,YNDX,2130,59509733.5,1949.5,1881.0,1949.5,1940.5,1932.0,1940.5,30801,1932.0,1932.0,1940.5,59509733.5,59509733.5,59509733.5,,3,SUR,-0.84
TQBR,2017-12-01,Yandex clA,YNDX,1843,55076265.5,1935.0,1916.5,1949.5,1931.5,1936.5,1931.5,28442,1936.5,1936.5,1931.5,55076265.5,55076265.5,55076265.5,,3,SUR,-0.46
TQBR,2017-12-04,Yandex clA,YNDX,2368,112401649.0,1932.0,1901.0,1939.0,1907.0,1922.0,1907.0,58477,1922.0,1922.0,1907.0,112401649.0,112401649.0,112401649.0,,3,SUR,-1.27
TQBR,2017-12-05,Yandex clA,YNDX,3313,109419600.5,1900.0,1867.0,1912.5,1899.0,1888.0,1899.0,57954,1888.0,1888.0,1899.0,109419600.5,109419600.5,109419600.5,,3,SUR,-0.42
TQBR,2017-12-06,Yandex clA,YNDX,2616,95450603.0,1899.5,1889.0,1936.5,1900.0,1908.0,1900.0,49982,1909.5,1909.5,1900.0,95450603.0,95450603.0,95450603.0,,3,SUR,0.05
TQBR,2017-12-07,Yandex clA,YNDX,2930,162903057.0,1920.0,1908.0,1949.5,1949.5,1920.0,1949.5,84854,1920.0,1920.0,1949.5,162903057.0,162903057.0,162903057.0,,3,SUR,2.61
TQBR,2017-12-08,Yandex clA,YNDX,2347,66148933.5,1949.5,1949.5,1979.5,1957.0,1960.0,1957.0,33746,1960.0,1960.0,1957.0,66148933.5,66148933.5,66148933.5,,3,SUR,0.38
TQBR,2017-12-11,Yandex clA,YNDX,2728,102090330.5,1960.0,1958.5,1999.0,1997.5,1978.0,1997.5,51613,1978.0,1978.0,1997.5,102090330.5,102090330.5,102090330.5,,3,SUR,2.07
TQBR,2017-12-12,Yandex clA,YNDX,1936,66610999.0,1996.0,1944.0,1996.0,1954.0,1972.5,1954.0,33770,1972.5,1972.5,1954.0,66610999.0,66610999.0,66610999.0,,3,SUR,-2.18
TQBR,2017-12-13,Yandex clA,YNDX,2564,105664791.5,1935.0,1930.0,1975.0,1938.0,1949.5,1938.0,54188,1950.0,1950.0,1938.0,105664791.5,105664791.5,105664791.5,,3,SUR,-0.82
TQBR,2017-12-14,Yandex clA,YNDX,2815,97261690.5,1935.0,1909.0,1950.0,1919.0,1934.5,1919.0,50311,1933.0,1933.0,1919.0,97261690.5,97261690.5,97261690.5,,3,SUR,-0.98
TQBR,2017-12-15,Yandex clA,YNDX,2927,122602903.5,1915.0,1875.5,1915.0,1895.0,1896.5,1895.0,64641,1896.5,1896.5,1895.0,122602903.5,122602903.5,122602903.5,,3,SUR,-1.25
TQBR,2017-12-18,Yandex clA,YNDX,2064,68944803.5,1895.0,1880.0,1910.0,1892.0,1897.0,1892.0,36343,1897.0,1897.0,1892.0,68944803.5,68944803.5,68944803.5,,3,SUR,-0.16
TQBR,2017-12-19,Yandex clA,YNDX,2341,63629051.0,1892.0,1872.0,1905.0,1902.0,1889.0,1902.0,33688,1889.0,1889.0,1902.0,63629051.0,63629051.0,63629051.0,,3,SUR,0.53
TQBR,2017-12-20,Yandex clA,YNDX,2871,229347079.0,1898.0,1865.5,1906.5,1873.5,1878.0,1873.5,122127,1878.0,1878.0,1873.5,229347079.0,229347079.0,229347079.0,,3,SUR,-1.5
TQBR,2017-12-21,Yandex clA,YNDX,2702,93639691.5,1885.5,1851.5,1895.0,1884.0,1871.0,1884.0,50054,1871.0,1871.0,1884.0,93639691.5,93639691.5,93639691.5,,3,SUR,0.56
TQBR,2017-12-22,Yandex clA,YNDX,2835,109191374.0,1865.0,1832.0,1865.0,1832.0,1847.0,1832.0,59116,1847.0,1847.0,1832.0,109191374.0,109191374.0,109191374.0,,3,SUR,-2.76
TQBR,2017-12-25,Yandex clA,YNDX,889,33677514.0,1832.5,1832.5,1852.5,1847.0,1847.0,1847.0,18232,1847.0,1847.0,1847.0,33677514.0,33677514.0,33677514.0,,3,SUR,0.82
TQBR,2017-12-26,Yandex clA,YNDX,1794,116976718.5,1852.0,1820.0,1863.5,1840.0,1845.0,1840.0,63457,1843.5,1843.5,1840.0,116976718.5,116976718.5,116976718.5,,3,SUR,-0.38
TQBR,2017-12-27,Yandex clA,YNDX,1675,46651612.0,1845.0,1845.0,1874.5,1865.0,1858.0,1865.0,25108,1858.0,1858.0,1865.0,46651612.0,46651612.0,46651612.0,,3,SUR,1.36
TQBR,2017-12-28,Yandex clA,YNDX,1228,50576533.5,1867.5,1859.0,1885.0,1883.5,1872.0,1883.5,27016,1872.0,1872.0,1883.5,50576533.5,50576533.5,50576533.5,,3,SUR,0.99
TQBR,2017-12-29,Yandex clA,YNDX,1716,38827617.0,1880.0,1860.5,1911.5,1894.0,1886.0,1894.0,20586,1886.0,1886.0,1894.0,38827617.0,38827617.0,38827617.0,,3,SUR,0.56
TQBR,2018-01-03,Yandex clA,YNDX,1642,64319606.0,1919.0,1915.0,1949.5,1943.5,1931.0,1943.5,33305,1931.0,1931.0,1943.5,64319606.0,64319606.0,64319606.0,,3,SUR,2.61
TQBR,2018-01-04,Yandex clA,YNDX,2284,75098797.0,1943.0,1943.0,1985.0,1978.0,1967.0,1978.0,38181,1967.0,1967.0,1978.0,75098797.0,75098797.0,75098797.0,,3,SUR,1.78
TQBR,2018-01-05,Yandex clA,YNDX,1758,45204520.0,1966.0,1921.0,1966.0,1942.5,1943.5,1942.5,23258,1943.5,1943.5,1942.5,45204520.0,45204520.0,45204520.0,,3,SUR,-1.79
TQBR,2018-01-09,Yandex clA,YNDX,2546,84346088.0,1957.5,1954.0,1982.0,1963.0,1967.5,1963.0,42866,1967.5,1967.5,1963.0,84346088.0,84346088.0,84346088.0,,3,SUR,1.06
TQBR,2018-01-10,Yandex clA,YNDX,2607,86842293.0,1963.0,1931.5,1980.0,1972.0,1957.0,1972.0,44377,1957.0,1957.0,1972.0,86842293.0,86842293.0,86842293.0,,3,SUR,0.46
TQBR,2018-01-11,Yandex clA,YNDX,2169,79753252.0,1963.5,1955.0,1985.0,1965.0,1970.5,1963.0,40478,1970.5,1970.5,1965.0,79753252.0,79753252.0,79753252.0,,3,SUR,-0.46
TQBR,2018-01-12,Yandex clA,YNDX,1452,34543164.0,1955.0,1945.5,1968.0,1955.0,1957.5,1955.0,17647,1957.5,1957.5,1955.0,34543164.0,34543164.0,34543164.0,,3,SUR,-0.41
TQBR,2018-01-15,Yandex clA,YNDX,1438,28941457.5,1958.0,1954.5,1979.0,1970.0,1969.5,1970.0,14695,1969.5,1969.5,1970.0,28941457.5,28941457.5,28941457.5,,3,SUR,0.77
TQBR,2018-01-16,Yandex clA,YNDX,4940,235385001.0,1964.0,1940.5,2044.0,1992.5,1985.5,1992.5,118550,1985.5,1985.5,1992.5,235385001.0,235385001.0,235385001.0,,3,SUR,1.14
TQBR,2018-01-17,Yandex clA,YNDX,2523,91658082.0,1993.0,1981.0,2046.5,2035.0,2017.0,2035.0,45442,2017.0,2017.0,2035.0,91658082.0,91658082.0,91658082.0,,3,SUR,2.13
TQBR,2018-01-18,Yandex clA,YNDX,3605,174424464.5,2050.0,2045.0,2100.0,2099.0,2076.0,2099.0,84022,2076.0,2076.0,2099.0,174424464.5,174424464.5,174424464.5,,3,SUR,3.14
TQBR,2018-01-19,Yandex clA,YNDX,2879,101508756.0,2112.0,2090.5,2134.0,2098.5,2109.5,2098.5,48111,2110.0,2110.0,2098.5,101508756.0,101508756.0,101508756.0,,3,SUR,-0.02
TQBR,2018-01-22,Yandex clA,YNDX,2258,80950538.5,2095.5,2080.5,2122.5,2118.5,2105.0,2118.5,38452,2105.0,2105.0,2118.5,80950538.5,80950538.5,80950538.5,,3,SUR,0.95
TQBR,2018-01-23,Yandex clA,YNDX,2723,126756938.5,2131.5,2111.5,2145.0,2145.0,2128.0,2145.0,59566,2128.0,2128.0,2145.0,126756938.5,126756938.5,126756938.5,,3,SUR,1.25
TQBR,2018-01-24,Yandex clA,YNDX,1377,41021313.0,2159.5,2129.5,2159.5,2138.0,2143.5,2138.0,19139,2143.5,2143.5,2138.0,41021313.0,41021313.0,41021313.0,,3,SUR,-0.33
TQBR,2018-01-25,Yandex clA,YNDX,2458,94066814.0,2138.5,2105.0,2155.0,2134.0,2135.0,2134.0,44060,2135.0,2135.0,2134.0,94066814.0,94066814.0,94066814.0,,3,SUR,-0.19
TQBR,2018-01-26,Yandex clA,YNDX,2775,101759412.5,2135.0,2134.0,2179.5,2176.0,2156.5,2176.0,47185,2156.5,2156.5,2176.0,101759412.5,101759412.5,101759412.5,,3,SUR,1.97
TQBR,2018-01-29,Yandex clA,YNDX,2363,65079471.0,2191.5,2178.5,2214.5,2197.5,2200.0,2197.5,29584,2200.0,2200.0,2197.5,65079471.0,65079471.0,65079471.0,,3,SUR,0.99
TQBR,2018-01-30,Yandex clA,YNDX,4795,294990246.0,2176.5,2120.0,2176.5,2153.5,2154.5,2150.0,136911,2154.5,2154.5,2153.5,294990246.0,294990246.0,294990246.0,,3,SUR,-2.16
TQBR,2018-01-31,Yandex clA,YNDX,1981,62959851.0,2160.5,2133.5,2196.5,2179.0,2158.0,2179.0,29178,2158.0,2158.0,2179.0,62959851.0,62959851.0,62959851.0,,3,SUR,1.35
TQBR,2018-02-01,Yandex clA,YNDX,2551,148905388.5,2183.0,2168.0,2229.0,2202.0,2193.0,2202.0,67901,2193.0,2193.0,2202.0,148905388.5,148905388.5,148905388.5,,3,SUR,1.06
TQBR,2018-02-02,Yandex clA,YNDX,2862,108776846.0,2190.5,2115.5,2224.5,2150.0,2174.5,2150.0,50026,2174.5,2174.5,2150.0,108776846.0,108776846.0,108776846.0,,3,SUR,-2.36
TQBR,2018-02-05,Yandex clA,YNDX,2049,86221348.5,2145.5,2113.5,2172.0,2150.0,2146.5,2150.0,40173,2146.5,2146.5,2150.0,86221348.5,86221348.5,86221348.5,,3,SUR,0.0
TQBR,2018-02-06,Yandex clA,YNDX,5916,238486324.5,2073.0,2048.5,2130.0,2054.5,2079.5,2054.5,114684,2079.5,2079.5,2054.5,238486324.5,238486324.5,238486324.5,,3,SUR,-4.44
TQBR,2018-02-07,Yandex clA,YNDX,2756,103452902.0,2106.0,2100.5,2174.0,2140.5,2138.5,2140.5,48371,2138.5,2138.5,2140.5,103452902.0,103452902.0,103452902.0,,3,SUR,4.19
TQBR,2018-02-08,Yandex clA,YNDX,3271,131753813.0,2137.0,2125.5,2187.0,2159.0,2162.5,2159.0,60932,2162.5,2162.5,2159.0,131753813.0,131753813.0,131753813.0,,3,SUR,0.86
TQBR,2018-02-09,Yandex clA,YNDX,3901,169005770.5,2090.5,2062.0,2107.0,2086.5,2089.0,2086.5,80902,2089.0,2089.0,2086.5,169005770.5,169005770.5,169005770.5,,3,SUR,-3.36
TQBR,2018-02-12,Yandex clA,YNDX,2662,101610965.0,2101.5,2101.5,2135.0,2127.0,2118.0,2127.0,47976,2118.0,2118.0,2127.0,101610965.0,101610965.0,101610965.0,,3,SUR,1.94
TQBR,2018-02-13,Yandex clA,YNDX,2967,149953588.0,2124.0,2111.0,2141.5,2135.0,2124.5,2135.0,70588,2124.5,2124.5,2135.0,149953588.0,149953588.0,149953588.0,,3,SUR,0.38
TQBR,2018-02-14,Yandex clA,YNDX,4398,206971395.5,2155.0,2144.0,2220.5,2200.0,2177.0,2200.0,95068,2177.0,2177.0,2200.0,206971395.5,206971395.5,206971395.5,,3,SUR,3.04
TQBR,2018-02-15,Yandex clA,YNDX,15683,891024261.0,2250.0,2211.0,2420.0,2283.5,2332.5,2283.5,382032,2332.5,2332.5,2283.5,891024261.0,891024261.0,891024261.0,,3,SUR,3.8
TQBR,2018-02-16,Yandex clA,YNDX,5049,314517735.5,2341.5,2291.5,2374.0,2371.5,2343.5,2371.5,134206,2343.5,2343.5,2371.5,314517735.5,314517735.5,314517735.5,,3,SUR,3.85
TQBR,2018-02-19,Yandex clA,YNDX,3675,114387510.0,2371.0,2361.0,2430.0,2416.5,2405.0,2416.5,47627,2401.5,2401.5,2416.5,114387510.0,114387510.0,114387510.0,,3,SUR,1.9
TQBR,2018-02-20,Yandex clA,YNDX,3085,131794995.5,2420.0,2376.5,2439.0,2413.0,2401.5,2413.0,54879,2401.5,2401.5,2413.0,131794995.5,131794995.5,131794995.5,,3,SUR,-0.14
TQBR,2018-02-21,Yandex clA,YNDX,4118,210845596.0,2424.5,2418.0,2474.5,2473.5,2449.0,2473.5,86053,2450.0,2450.0,2473.5,210845596.0,210845596.0,210845596.0,,3,SUR,2.51
TQBR,2018-02-22,Yandex clA,YNDX,3589,180555833.5,2469.0,2410.5,2494.0,2435.5,2462.5,2435.5,73319,2462.5,2462.5,2435.5,180555833.5,180555833.5,180555833.5,,3,SUR,-1.54
TQBR,2018-02-26,Yandex clA,YNDX,3935,196242493.5,2450.0,2362.0,2450.0,2383.0,2417.0,2383.0,81198,2417.0,2417.0,2383.0,196242493.5,196242493.5,196242493.5,,3,SUR,-2.16
TQBR,2018-02-27,Yandex clA,YNDX,3253,161178339.0,2363.0,2320.5,2391.0,2386.0,2352.5,2386.0,68516,2352.5,2352.5,2386.0,161178339.0,161178339.0,161178339.0,,3,SUR,0.13
TQBR,2018-02-28,Yandex clA,YNDX,2010,82529358.5,2381.5,2327.0,2385.0,2343.5,2354.5,2343.5,35054,2354.5,2354.5,2343.5,82529358.5,82529358.5,82529358.5,,3,SUR,-1.78
TQBR,2018-03-01,Yandex clA,YNDX,2810,114305869.5,2329.5,2300.5,2344.5,2310.0,2322.5,2310.0,49324,2317.5,2317.5,2310.0,114305869.5,114305869.5,114305869.5,,3,SUR,-1.43
TQBR,2018-03-02,Yandex clA,YNDX,3980,207419480.0,2309.0,2241.0,2310.0,2280.5,2282.5,2280.5,90866,2282.5,2282.5,2280.5,207419480.0,207419480.0,207419480.0,,3,SUR,-1.28
TQBR,2018-03-05,Yandex clA,YNDX,2717,109806587.0,2313.5,2313.5,2372.0,2347.5,2350.0,2347.5,46728,2350.0,2350.0,2347.5,109806587.0,109806587.0,109806587.0,,3,SUR,2.94
TQBR,2018-03-06,Yandex clA,YNDX,3459,172027009.5,2377.5,2351.0,2395.0,2389.5,2368.5,2389.5,72563,2370.5,2370.5,2389.5,172027009.5,172027009.5,172027009.5,,3,SUR,1.79
TQBR,2018-03-07,Yandex clA,YNDX,3379,188703049.5,2399.0,2368.0,2439.5,2427.5,2395.5,2427.5,78782,2395.5,2395.5,2427.5,188703049.5,188703049.5,188703049.5,,3,SUR,1.59
TQBR,2018-03-09,Yandex clA,YNDX,2293,112523063.0,2474.0,2451.0,2519.0,2469.0,2482.5,2469.0,45325,2482.5,2482.5,2469.0,112523063.0,112523063.0,112523063.0,,3,SUR,1.71
TQBR,2018-03-12,Yandex clA,YNDX,2643,141720756.0,2465.0,2439.5,2486.0,2450.0,2462.5,2450.0,57553,2462.5,2462.5,2450.0,141720756.0,141720756.0,141720756.0,,3,SUR,-0.77
TQBR,2018-03-13,Yandex clA,YNDX,2878,164307464.0,2449.0,2385.0,2476.0,2415.0,2439.0,2415.0,67369,2439.0,2439.0,2415.0,164307464.0,164307464.0,164307464.0,,3,SUR,-1.43
TQBR,2018-03-14,Yandex clA,YNDX,2060,107304610.0,2425.0,2394.0,2439.5,2430.5,2416.5,2430.5,44402,2416.5,2416.5,2430.5,107304610.0,107304610.0,107304610.0,,3,SUR,0.64
TQBR,2018-03-15,Yandex clA,YNDX,3945,199279227.0,2442.5,2415.5,2469.0,2446.0,2443.0,2446.0,81567,2443.0,2443.0,2446.0,199279227.0,199279227.0,199279227.0,,3,SUR,0.64
TQBR,2018-03-16,Yandex clA,YNDX,1237,61395945.5,2441.0,2418.0,2450.0,2436.0,2435.0,2436.0,25213,2435.0,2435.0,2436.0,61395945.5,61395945.5,61395945.5,,3,SUR,-0.41
TQBR,2018-03-19,Yandex clA,YNDX,1499,69144752.5,2435.0,2406.5,2452.0,2426.0,2427.5,2426.0,28486,2427.5,2427.5,2426.0,69144752.5,69144752.5,69144752.5,,3,SUR,-0.41
TQBR,2018-03-20,Yandex clA,YNDX,1943,91000383.0,2427.5,2427.0,2485.5,2463.0,2456.5,2463.0,37047,2456.5,2456.5,2463.0,91000383.0,91000383.0,91000383.0,,3,SUR,1.53
TQBR,2018-03-21,Yandex clA,YNDX,2032,83186206.0,2465.0,2450.0,2497.5,2497.5,2472.0,2497.5,33650,2472.0,2472.0,2497.5,83186206.0,83186206.0,83186206.0,,3,SUR,1.4
TQBR,2018-03-22,Yandex clA,YNDX,3107,166000021.5,2487.5,2375.5,2487.5,2385.0,2432.5,2385.0,68242,2432.5,2432.5,2385.0,166000021.5,166000021.5,166000021.5,,3,SUR,-4.5
TQBR,2018-03-23,Yandex clA,YNDX,2707,144903023.5,2390.0,2372.0,2425.0,2385.5,2393.5,2385.5,60542,2393.5,2393.5,2385.5,144903023.5,144903023.5,144903023.5,,3,SUR,0.02
TQBR,2018-03-26,Yandex clA,YNDX,3356,193538297.5,2377.0,2314.0,2405.0,2344.0,2366.0,2344.0,81787,2366.5,2366.5,2344.0,193538297.5,193538297.5,193538297.5,,3,SUR,-1.74
TQBR,2018-03-27,Yandex clA,YNDX,1969,93148951.5,2360.5,2351.5,2393.5,2364.0,2373.0,2364.0,39252,2373.0,2373.0,2364.0,93148951.5,93148951.5,93148951.5,,3,SUR,0.85
TQBR,2018-03-28,Yandex clA,YNDX,4444,215215108.5,2339.5,2234.0,2339.5,2265.0,2281.5,2265.0,94351,2281.0,2281.0,2265.0,215215108.5,215215108.5,215215108.5,,3,SUR,-4.19
TQBR,2018-03-29,Yandex clA,YNDX,3800,189123957.0,2279.0,2271.0,2328.5,2314.0,2306.5,2314.0,82016,2306.0,2306.0,2314.0,189123957.0,189123957.0,189123957.0,,3,SUR,2.16
TQBR,2018-03-30,Yandex clA,YNDX,1729,69701005.0,2288.5,2260.0,2307.5,2287.0,2285.5,2287.0,30495,2285.5,2285.5,2287.0,69701005.0,69701005.0,69701005.0,,3,SUR,-1.17
TQBR,2018-04-02,Yandex clA,YNDX,2402,109352953.0,2290.0,2244.0,2290.0,2253.0,2267.5,2253.0,48226,2267.5,2267.5,2253.0,109352953.0,109352953.0,109352953.0,,3,SUR,-1.49
TQBR,2018-04-03,Yandex clA,YNDX,2284,116642756.0,2250.0,2240.0,2294.0,2263.0,2264.0,2263.0,51515,2264.0,2264.0,2263.0,116642756.0,116642756.0,116642756.0,,3,SUR,0.44
TQBR,2018-04-04,Yandex clA,YNDX,3010,155028957.0,2255.0,2202.0,2255.0,2249.5,2237.0,2249.5,69304,2237.0,2237.0,2249.5,155028957.0,155028957.0,155028957.0,,3,SUR,-0.6
TQBR,2018-04-05,Yandex clA,YNDX,2694,129752397.5,2264.5,2264.5,2318.0,2315.0,2299.5,2315.0,56423,2299.5,2299.5,2315.0,129752397.5,129752397.5,129752397.5,,3,SUR,2.91
TQBR,2018-04-06,Yandex clA,YNDX,1982,84112021.0,2313.0,2292.0,2318.0,2312.0,2304.0,2312.0,36505,2304.0,2304.0,2312.0,84112021.0,84112021.0,84112021.0,,3,SUR,-0.13
TQBR,2018-04-09,Yandex clA,YNDX,11163,425480693.5,2310.0,2077.0,2313.0,2124.0,2206.5,2124.0,192952,2205.0,2205.0,2124.0,425480693.5,425480693.5,425480693.5,,3,SUR,-8.13
TQBR,2018-04-10,Yandex clA,YNDX,8825,366285951.5,2090.5,2048.0,2205.0,2169.0,2156.0,2169.0,169835,2156.5,2156.5,2169.0,366285951.5,366285951.5,366285951.5,,3,SUR,2.12
TQBR,2018-04-11,Yandex clA,YNDX,6232,260606345.0,2168.5,2140.5,2244.5,2240.0,2195.0,2240.0,118733,2195.0,2195.0,2240.0,260606345.0,260606345.0,260606345.0,,3,SUR,3.27
TQBR,2018-04-12,Yandex clA,YNDX,9922,678446641.5,2211.0,2130.0,2349.5,2161.5,2217.5,2161.5,306603,2213.0,2213.0,2161.5,678446641.5,678446641.5,678446641.5,,3,SUR,-3.5
TQBR,2018-04-13,Yandex clA,YNDX,9816,548235286.5,2139.5,2060.5,2250.0,2083.5,2119.0,2083.5,258752,2119.0,2119.0,2083.5,548235286.5,548235286.5,548235286.5,,3,SUR,-3.61
TQBR,2018-04-16,Yandex clA,YNDX,7144,389221146.5,2051.0,1995.0,2110.0,2020.5,2037.5,2020.5,191042,2037.5,2037.5,2020.5,389221146.5,389221146.5,389221146.5,,3,SUR,-3.02
TQBR,2018-04-17,Yandex clA,YNDX,5326,271691784.0,2148.5,2067.5,2222.5,2103.5,2107.0,2103.5,128957,2107.0,2107.0,2103.5,271691784.0,271691784.0,271691784.0,,3,SUR,4.11
TQBR,2018-04-18,Yandex clA,YNDX,8164,484442635.0,2080.0,2075.0,2167.0,2142.0,2120.0,2142.0,228505,2120.0,2120.0,2142.0,484442635.0,484442635.0,484442635.0,,3,SUR,1.83
TQBR,2018-04-19,Yandex clA,YNDX,9315,542388718.0,2160.0,2089.0,2216.0,2096.5,2166.5,2096.5,250630,2164.0,2164.0,2096.5,542388718.0,542388718.0,542388718.0,,3,SUR,-2.12
TQBR,2018-04-20,Yandex clA,YNDX,3350,167784434.0,2111.0,2068.0,2137.5,2084.5,2103.5,2084.5,79764,2103.5,2103.5,2084.5,167784434.0,167784434.0,167784434.0,,3,SUR,-0.57
TQBR,2018-04-23,Yandex clA,YNDX,5282,321131618.5,2095.0,2086.0,2192.0,2140.5,2132.0,2140.5,150640,2132.0,2132.0,2140.5,321131618.5,321131618.5,321131618.5,,3,SUR,2.69
TQBR,2018-04-24,Yandex clA,YNDX,5110,361764879.0,2142.0,2094.5,2160.0,2105.5,2122.5,2105.5,170432,2122.5,2122.5,2105.5,361764879.0,361764879.0,361764879.0,,3,SUR,-1.64
TQBR,2018-04-25,Yandex clA,YNDX,16572,991713729.5,2090.5,1982.0,2140.0,2025.0,2060.0,2025.0,481872,2058.0,2058.0,2025.0,991713729.5,991713729.5,991713729.5,,3,SUR,-3.82
TQBR,2018-04-26,Yandex clA,YNDX,6739,370235183.5,2051.0,2041.0,2094.5,2061.0,2067.0,2061.0,179097,2067.0,2067.0,2061.0,370235183.5,370235183.5,370235183.5,,3,SUR,1.78
TQBR,2018-04-27,Yandex clA,YNDX,8648,589908207.0,2075.0,1994.0,2088.0,2015.5,2028.0,2015.5,290902,2028.0,2028.0,2015.5,589908207.0,589908207.0,589908207.0,,3,SUR,-2.21
TQBR,2018-04-28,Yandex clA,YNDX,1912,72268864.0,2035.0,2021.0,2040.0,2030.0,2031.5,2030.0,35573,2031.5,2031.5,2030.0,72268864.0,72268864.0,72268864.0,,3,SUR,0.72
TQBR,2018-04-30,Yandex clA,YNDX,3868,232125581.5,2035.5,2020.0,2110.0,2097.5,2074.0,2097.5,111929,2074.0,2074.0,2097.5,232125581.5,232125581.5,232125581.5,,3,SUR,3.33
TQBR,2018-05-02,Yandex clA,YNDX,9398,562509638.0,2106.5,2070.5,2220.0,2215.0,2159.5,2215.0,260489,2159.5,2159.5,2215.0,562509638.0,562509638.0,562509638.0,,3,SUR,5.6
TQBR,2018-05-03,Yandex clA,YNDX,5587,305813542.0,2203.5,2114.0,2203.5,2128.0,2158.0,2128.0,141710,2158.0,2158.0,2128.0,305813542.0,305813542.0,305813542.0,,3,SUR,-3.93
TQBR,2018-05-04,Yandex clA,YNDX,3539,168645018.0,2149.0,2082.0,2149.5,2107.0,2110.0,2107.0,79927,2110.0,2110.0,2107.0,168645018.0,168645018.0,168645018.0,,3,SUR,-0.99
TQBR,2018-05-07,Yandex clA,YNDX,3708,197526339.0,2115.5,2107.5,2166.5,2152.5,2140.5,2152.5,92277,2140.5,2140.5,2152.5,197526339.0,197526339.0,197526339.0,,3,SUR,2.16
TQBR,2018-05-08,Yandex clA,YNDX,3251,166627056.5,2152.5,2111.0,2172.5,2127.5,2144.0,2127.5,77716,2144.0,2144.0,2127.5,166627056.5,166627056.5,166627056.5,,3,SUR,-1.16
TQBR,2018-05-10,Yandex clA,YNDX,4896,271982210.5,2140.5,2137.0,2200.0,2190.0,2175.0,2190.0,125038,2175.0,2175.0,2190.0,271982210.5,271982210.5,271982210.5,,3,SUR,2.94
TQBR,2018-05-11,Yandex clA,YNDX,4584,253002647.0,2181.0,2170.5,2211.0,2201.0,2193.0,2201.0,115370,2193.0,2193.0,2201.0,253002647.0,253002647.0,253002647.0,,3,SUR,0.5
TQBR,2018-05-14,Yandex clA,YNDX,3634,217139917.0,2196.0,2155.0,2204.0,2186.0,2191.0,2186.0,99241,2188.0,2188.0,2186.0,217139917.0,217139917.0,217139917.0,,3,SUR,-0.68
TQBR,2018-05-15,Yandex clA,YNDX,5350,247548883.0,2172.5,2105.5,2178.5,2118.5,2135.5,2118.5,115916,2135.5,2135.5,2118.5,247548883.0,247548883.0,247548883.0,,3,SUR,-3.09
TQBR,2018-05-16,Yandex clA,YNDX,3575,191946624.5,2126.0,2101.0,2147.5,2114.0,2122.5,2114.0,90432,2122.5,2122.5,2114.0,191946624.5,191946624.5,191946624.5,,3,SUR,-0.21
TQBR,2018-05-17,Yandex clA,YNDX,2316,122877180.0,2123.0,2102.0,2135.0,2131.0,2122.0,2131.0,57904,2122.0,2122.0,2131.0,122877180.0,122877180.0,122877180.0,,3,SUR,0.8
TQBR,2018-05-18,Yandex clA,YNDX,2382,112444557.0,2120.0,2107.5,2129.0,2119.5,2116.0,2119.5,53134,2116.0,2116.0,2119.5,112444557.0,112444557.0,112444557.0,,3,SUR,-0.54
TQBR,2018-05-21,Yandex clA,YNDX,3674,238273473.5,2123.0,2123.0,2163.5,2142.0,2144.5,2142.0,111107,2144.5,2144.5,2142.0,238273473.5,238273473.5,238273473.5,,3,SUR,1.06
TQBR,2018-05-22,Yandex clA,YNDX,2059,97117309.0,2149.0,2110.5,2149.0,2122.5,2123.0,2122.5,45741,2123.0,2123.0,2122.5,97117309.0,97117309.0,97117309.0,,3,SUR,-0.91
TQBR,2018-05-23,Yandex clA,YNDX,3464,181543469.5,2100.0,2075.0,2114.5,2086.5,2097.0,2086.5,86579,2097.0,2097.0,2086.5,181543469.5,181543469.5,181543469.5,,3,SUR,-1.7
TQBR,2018-05-24,Yandex clA,YNDX,2920,238612389.0,2103.5,2086.0,2125.0,2094.0,2105.0,2094.0,113314,2106.0,2106.0,2094.0,238612389.0,238612389.0,238612389.0,,3,SUR,0.36
TQBR,2018-05-25,Yandex clA,YNDX,3025,138115950.0,2084.5,2070.0,2097.0,2090.0,2088.0,2089.0,66210,2086.0,2086.0,2090.0,138115950.0,138115950.0,138115950.0,,3,SUR,-0.24
TQBR,2018-05-28,Yandex clA,YNDX,1439,66172499.0,2089.0,2078.0,2104.0,2102.5,2095.5,2102.5,31582,2095.5,2095.5,2102.5,66172499.0,66172499.0,66172499.0,,3,SUR,0.65
TQBR,2018-05-29,Yandex clA,YNDX,4053,204537312.0,2102.0,2059.0,2129.0,2079.0,2083.5,2079.0,98162,2083.5,2083.5,2079.0,204537312.0,204537312.0,204537312.0,,3,SUR,-1.12
TQBR,2018-05-30,Yandex clA,YNDX,4164,204975560.0,2059.5,2025.5,2072.0,2072.0,2051.5,2072.0,99923,2051.5,2051.5,2072.0,204975560.0,204975560.0,204975560.0,,3,SUR,-0.34
TQBR,2018-05-31,Yandex clA,YNDX,2567,153304266.5,2062.5,2062.5,2110.0,2076.5,2086.0,2076.5,73496,2086.0,2086.0,2076.5,153304266.5,153304266.5,153304266.5,,3,SUR,0.22
TQBR,2018-06-01,Yandex clA,YNDX,3396,289397643.0,2088.5,2084.5,2139.5,2137.0,2114.5,2137.0,136874,2114.5,2114.5,2137.0,289397643.0,289397643.0,289397643.0,,3,SUR,2.91
TQBR,2018-06-04,Yandex clA,YNDX,3397,201639452.0,2132.5,2129.0,2179.0,2163.5,2149.5,2163.5,93814,2149.5,2149.5,2163.5,201639452.0,201639452.0,201639452.0,,3,SUR,1.24
TQBR,2018-06-05,Yandex clA,YNDX,6979,407303578.0,2188.5,2177.5,2255.5,2213.0,2210.5,2213.0,184262,2210.5,2210.5,2213.0,407303578.0,407303578.0,407303578.0,,3,SUR,2.29
TQBR,2018-06-06,Yandex clA,YNDX,3041,150712140.5,2216.0,2193.5,2239.0,2214.0,2221.0,2214.0,67853,2221.0,2221.0,2214.0,150712140.5,150712140.5,150712140.5,,3,SUR,0.05
TQBR,2018-06-07,Yandex clA,YNDX,3231,181112386.0,2234.5,2160.0,2234.5,2175.0,2198.5,2175.0,82446,2196.5,2196.5,2175.0,181112386.0,181112386.0,181112386.0,,3,SUR,-1.76
TQBR,2018-06-08,Yandex clA,YNDX,6051,223904723.5,2159.5,2117.0,2159.5,2144.0,2135.5,2144.0,104856,2135.5,2135.5,2144.0,223904723.5,223904723.5,223904723.5,,3,SUR,-1.43
TQBR,2018-06-09,Yandex clA,YNDX,878,24531193.0,2147.0,2146.0,2167.5,2159.0,2159.5,2159.0,11360,2159.5,2159.5,2159.0,24531193.0,24531193.0,24531193.0,,3,SUR,0.7
TQBR,2018-06-11,Yandex clA,YNDX,3000,162260696.0,2164.0,2143.0,2211.5,2192.5,2186.0,2192.5,74235,2186.0,2186.0,2192.5,162260696.0,162260696.0,162260696.0,,3,SUR,1.55
TQBR,2018-06-13,Yandex clA,YNDX,8010,526415786.5,2252.5,2251.5,2325.0,2290.5,2283.0,2290.5,230602,2283.0,2283.0,2290.5,526415786.5,526415786.5,526415786.5,,3,SUR,4.47
TQBR,2018-06-14,Yandex clA,YNDX,6074,237132477.0,2289.0,2257.0,2301.5,2292.0,2274.5,2292.0,104249,2274.5,2274.5,2292.0,237132477.0,237132477.0,237132477.0,,3,SUR,0.07
TQBR,2018-06-15,Yandex clA,YNDX,3241,155948527.5,2300.0,2256.0,2309.5,2268.0,2284.5,2268.0,68263,2284.5,2284.5,2268.0,155948527.5,155948527.5,155948527.5,,3,SUR,-1.05
TQBR,2018-06-18,Yandex clA,YNDX,6174,225037665.5,2255.5,2240.5,2302.5,2287.0,2265.0,2287.0,99350,2265.0,2265.0,2287.0,225037665.5,225037665.5,225037665.5,,3,SUR,0.84
TQBR,2018-06-19,Yandex clA,YNDX,4509,228498602.5,2310.0,2265.0,2320.0,2295.0,2297.5,2295.0,99459,2297.5,2297.5,2295.0,228498602.5,228498602.5,228498602.5,,3,SUR,0.35
TQBR,2018-06-20,Yandex clA,YNDX,3406,183381090.5,2295.0,2286.0,2332.0,2301.5,2310.0,2301.5,79390,2310.0,2310.0,2301.5,183381090.5,183381090.5,183381090.5,,3,SUR,0.28
TQBR,2018-06-21,Yandex clA,YNDX,4703,168270823.0,2304.5,2246.0,2311.0,2270.5,2285.0,2270.5,73634,2285.0,2285.0,2270.5,168270823.0,168270823.0,168270823.0,,3,SUR,-1.35
TQBR,2018-06-22,Yandex clA,YNDX,4009,219376858.0,2257.0,2190.0,2268.5,2220.0,2230.0,2220.0,98379,2230.0,2230.0,2220.0,219376858.0,219376858.0,219376858.0,,3,SUR,-2.22
TQBR,2018-06-25,Yandex clA,YNDX,7135,293759067.5,2232.0,2165.5,2232.0,2177.0,2211.0,2177.0,132848,2211.0,2211.0,2177.0,293759067.5,293759067.5,293759067.5,,3,SUR,-1.94
TQBR,2018-06-26,Yandex clA,YNDX,5459,222720991.0,2179.0,2150.5,2197.5,2185.0,2180.0,2185.0,102159,2180.0,2180.0,2185.0,222720991.0,222720991.0,222720991.0,,3,SUR,0.37
TQBR,2018-06-27,Yandex clA,YNDX,6162,222155680.0,2197.5,2189.0,2245.0,2227.5,2210.0,2227.5,100522,2210.0,2210.0,2227.5,222155680.0,222155680.0,222155680.0,,3,SUR,1.95
TQBR,2018-06-28,Yandex clA,YNDX,4380,172180581.5,2202.5,2165.0,2206.0,2193.5,2190.5,2193.5,78603,2190.5,2190.5,2193.5,172180581.5,172180581.5,172180581.5,,3,SUR,-1.53
TQBR,2018-06-29,Yandex clA,YNDX,4358,226660312.0,2206.0,2201.5,2261.0,2244.0,2235.5,2244.0,101394,2235.5,2235.5,2244.0,226660312.0,226660312.0,226660312.0,,3,SUR,2.3
TQBR,2018-07-02,Yandex clA,YNDX,4358,155275475.0,2238.5,2223.0,2271.5,2257.5,2252.5,2257.5,68935,2252.5,2252.5,2257.5,155275475.0,155275475.0,155275475.0,,3,SUR,0.6
TQBR,2018-07-03,Yandex clA,YNDX,3231,127778538.5,2280.0,2240.5,2290.0,2240.5,2272.0,2240.5,56242,2272.0,2272.0,2240.5,127778538.5,127778538.5,127778538.5,,3,SUR,-0.75
TQBR,2018-07-04,Yandex clA,YNDX,1245,45705548.0,2243.0,2225.0,2245.0,2236.0,2235.5,2236.0,20444,2235.5,2235.5,2236.0,45705548.0,45705548.0,45705548.0,,3,SUR,-0.2
TQBR,2018-07-05,Yandex clA,YNDX,3078,169246550.5,2230.0,2210.0,2256.5,2226.0,2233.5,2226.0,75776,2233.5,2233.5,2226.0,169246550.5,169246550.5,169246550.5,,3,SUR,-0.45
TQBR,2018-07-06,Yandex clA,YNDX,4184,222470899.0,2266.5,2256.0,2325.0,2315.0,2288.0,2315.0,97229,2288.0,2288.0,2315.0,222470899.0,222470899.0,222470899.0,,3,SUR,4.0
TQBR,2018-07-09,Yandex clA,YNDX,2837,157021462.5,2320.0,2314.5,2357.0,2316.5,2330.0,2316.5,67386,2330.0,2330.0,2316.5,157021462.5,157021462.5,157021462.5,,3,SUR,0.06
TQBR,2018-07-10,Yandex clA,YNDX,2702,147876695.5,2330.0,2300.0,2351.0,2302.5,2330.5,2302.5,63452,2330.5,2330.5,2302.5,147876695.5,147876695.5,147876695.5,,3,SUR,-0.6
TQBR,2018-07-11,Yandex clA,YNDX,3040,148002469.0,2299.5,2259.0,2320.0,2303.0,2287.0,2303.0,64712,2287.0,2287.0,2303.0,148002469.0,148002469.0,148002469.0,,3,SUR,0.02
TQBR,2018-07-12,Yandex clA,YNDX,2349,126231615.0,2302.5,2281.5,2349.5,2345.0,2315.0,2345.0,54530,2315.0,2315.0,2345.0,126231615.0,126231615.0,126231615.0,,3,SUR,1.82
TQBR,2018-07-13,Yandex clA,YNDX,3886,226781794.5,2376.0,2353.0,2399.0,2390.0,2382.5,2390.0,95179,2382.5,2382.5,2390.0,226781794.5,226781794.5,226781794.5,,3,SUR,1.92
TQBR,2018-07-16,Yandex clA,YNDX,3339,151605230.5,2383.0,2310.0,2383.0,2333.0,2349.0,2333.0,64538,2349.0,2349.0,2333.0,151605230.5,151605230.5,151605230.5,,3,SUR,-2.38
TQBR,2018-07-17,Yandex clA,YNDX,3425,202301798.0,2333.5,2312.0,2425.0,2420.0,2361.5,2420.0,85666,2361.5,2361.5,2420.0,202301798.0,202301798.0,202301798.0,,3,SUR,3.73
TQBR,2018-07-18,Yandex clA,YNDX,3662,216058964.0,2419.5,2370.5,2419.5,2398.5,2394.0,2398.5,90259,2394.0,2394.0,2398.5,216058964.0,216058964.0,216058964.0,,3,SUR,-0.89
TQBR,2018-07-19,Yandex clA,YNDX,4101,226412851.5,2390.0,2364.0,2414.0,2364.5,2397.0,2364.5,94503,2396.0,2396.0,2364.5,226412851.5,226412851.5,226412851.5,,3,SUR,-1.42
TQBR,2018-07-20,Yandex clA,YNDX,4286,219166782.5,2341.0,2290.0,2348.0,2329.5,2327.5,2329.5,94165,2327.5,2327.5,2329.5,219166782.5,219166782.5,219166782.5,,3,SUR,-1.48
TQBR,2018-07-23,Yandex clA,YNDX,2281,117719532.5,2338.5,2306.5,2344.5,2333.0,2329.0,2333.0,50543,2329.0,2329.0,2333.0,117719532.5,117719532.5,117719532.5,,3,SUR,0.15
TQBR,2018-07-24,Yandex clA,YNDX,2768,181920889.5,2354.0,2340.5,2419.0,2377.0,2379.0,2377.0,76462,2379.0,2379.0,2377.0,181920889.5,181920889.5,181920889.5,,3,SUR,1.89
TQBR,2018-07-25,Yandex clA,YNDX,2910,191016106.5,2363.0,2353.0,2396.0,2391.5,2374.0,2391.5,80469,2374.0,2374.0,2391.5,191016106.5,191016106.5,191016106.5,,3,SUR,0.61
TQBR,2018-07-26,Yandex clA,YNDX,13525,888089976.0,2410.5,2348.0,2499.5,2430.0,2432.0,2430.0,365402,2430.5,2430.5,2430.0,888089976.0,888089976.0,888089976.0,,3,SUR,1.61
TQBR,2018-07-27,Yandex clA,YNDX,4612,266311973.5,2384.5,2355.0,2431.0,2388.0,2392.5,2388.0,111300,2392.5,2392.5,2388.0,266311973.5,266311973.5,266311973.5,,3,SUR,-1.73
TQBR,2018-07-30,Yandex clA,YNDX,9817,506482281.5,2350.0,2232.5,2364.5,2242.5,2283.5,2242.5,221762,2284.0,2284.0,2242.5,506482281.5,506482281.5,506482281.5,,3,SUR,-6.09
TQBR,2018-07-31,Yandex clA,YNDX,7315,316420240.5,2240.5,2220.5,2284.0,2250.0,2257.0,2250.0,140207,2257.0,2257.0,2250.0,316420240.5,316420240.5,316420240.5,,3,SUR,0.33
TQBR,2018-08-01,Yandex clA,YNDX,6548,331561079.5,2257.0,2253.0,2295.0,2272.0,2279.5,2272.0,145450,2279.5,2279.5,2272.0,331561079.5,331561079.5,331561079.5,,3,SUR,0.98
TQBR,2018-08-02,Yandex clA,YNDX,4468,205552858.5,2266.0,2210.5,2279.5,2237.0,2237.0,2237.0,91881,2237.0,2237.0,2237.0,205552858.5,205552858.5,205552858.5,,3,SUR,-1.54
TQBR,2018-08-03,Yandex clA,YNDX,3485,175785872.0,2260.5,2241.5,2273.0,2252.5,2259.5,2252.5,77789,2260.0,2260.0,2252.5,175785872.0,175785872.0,175785872.0,,3,SUR,0.69
TQBR,2018-08-06,Yandex clA,YNDX,3257,143356777.0,2260.0,2225.0,2276.0,2230.5,2254.0,2230.5,63599,2254.0,2254.0,2230.5,143356777.0,143356777.0,143356777.0,,3,SUR,-0.98
TQBR,2018-08-07,Yandex clA,YNDX,4036,234358935.5,2241.0,2231.5,2290.0,2272.5,2260.0,2272.5,103704,2260.0,2260.0,2272.5,234358935.5,234358935.5,234358935.5,,3,SUR,1.88
TQBR,2018-08-08,Yandex clA,YNDX,7022,419667562.0,2255.0,2156.0,2274.5,2185.0,2211.5,2185.0,189475,2215.0,2215.0,2185.0,419667562.0,419667562.0,419667562.0,,3,SUR,-3.85
TQBR,2018-08-09,Yandex clA,YNDX,9445,534411675.0,2142.0,2102.5,2185.0,2132.0,2142.0,2132.0,249507,2142.0,2142.0,2132.0,534411675.0,534411675.0,534411675.0,,3,SUR,-2.43
TQBR,2018-08-10,Yandex clA,YNDX,6622,355165660.5,2134.0,2080.0,2145.0,2128.0,2114.0,2128.0,168041,2113.5,2113.5,2128.0,355165660.5,355165660.5,355165660.5,,3,SUR,-0.19
TQBR,2018-08-13,Yandex clA,YNDX,5873,206775487.5,2140.0,2120.0,2170.0,2152.5,2148.5,2152.5,96246,2148.5,2148.5,2152.5,206775487.5,206775487.5,206775487.5,,3,SUR,1.15
TQBR,2018-08-14,Yandex clA,YNDX,5644,511658155.0,2165.0,2111.0,2184.0,2150.0,2153.5,2150.0,237622,2153.0,2153.0,2150.0,511658155.0,511658155.0,511658155.0,,3,SUR,-0.12
TQBR,2018-08-15,Yandex clA,YNDX,5346,410372636.5,2142.0,2061.5,2142.0,2091.0,2099.5,2091.0,195533,2098.5,2098.5,2091.0,410372636.5,410372636.5,410372636.5,,3,SUR,-2.74
TQBR,2018-08-16,Yandex clA,YNDX,3905,160071066.0,2105.5,2100.5,2140.0,2123.5,2118.0,2123.5,75583,2118.0,2118.0,2123.5,160071066.0,160071066.0,160071066.0,,3,SUR,1.55
TQBR,2018-08-17,Yandex clA,YNDX,4062,185418418.0,2123.5,2082.5,2137.0,2099.0,2109.5,2099.0,87893,2109.5,2109.5,2099.0,185418418.0,185418418.0,185418418.0,,3,SUR,-1.15
TQBR,2018-08-20,Yandex clA,YNDX,3517,151947349.5,2108.0,2100.5,2145.0,2133.5,2123.5,2133.5,71547,2123.5,2123.5,2133.5,151947349.5,151947349.5,151947349.5,,3,SUR,1.64
TQBR,2018-08-21,Yandex clA,YNDX,2926,134254892.5,2125.0,2115.0,2168.0,2164.0,2145.5,2164.0,62569,2145.5,2145.5,2164.0,134254892.5,134254892.5,134254892.5,,3,SUR,1.43
TQBR,2018-08-22,Yandex clA,YNDX,3777,165391945.5,2163.5,2125.0,2170.5,2137.0,2152.0,2137.0,76861,2152.0,2152.0,2137.0,165391945.5,165391945.5,165391945.5,,3,SUR,-1.25
TQBR,2018-08-23,Yandex clA,YNDX,4042,235834944.5,2150.0,2110.0,2165.5,2120.0,2138.5,2120.0,110286,2138.5,2138.5,2120.0,235834944.5,235834944.5,235834944.5,,3,SUR,-0.8
TQBR,2018-08-24,Yandex clA,YNDX,3306,145241528.0,2118.0,2104.0,2130.0,2115.0,2118.0,2115.0,68578,2118.0,2118.0,2115.0,145241528.0,145241528.0,145241528.0,,3,SUR,-0.24
TQBR,2018-08-27,Yandex clA,YNDX,2867,132400482.0,2142.0,2124.5,2163.0,2151.0,2141.5,2151.0,61819,2141.5,2141.5,2151.0,132400482.0,132400482.0,132400482.0,,3,SUR,1.7
TQBR,2018-08-28,Yandex clA,YNDX,3645,179928023.5,2158.0,2148.0,2184.5,2153.5,2162.0,2153.5,83228,2162.0,2162.0,2153.5,179928023.5,179928023.5,179928023.5,,3,SUR,0.12
TQBR,2018-08-29,Yandex clA,YNDX,1712,77475257.0,2159.0,2149.5,2170.0,2168.5,2162.0,2168.5,35834,2162.0,2162.0,2168.5,77475257.0,77475257.0,77475257.0,,3,SUR,0.7
TQBR,2018-08-30,Yandex clA,YNDX,2585,152856365.0,2170.0,2122.5,2173.0,2142.0,2152.5,2142.0,71020,2152.5,2152.5,2142.0,152856365.0,152856365.0,152856365.0,,3,SUR,-1.22
TQBR,2018-08-31,Yandex clA,YNDX,2972,190689982.5,2132.0,2113.5,2160.0,2150.0,2141.5,2150.0,89048,2141.5,2141.5,2150.0,190689982.5,190689982.5,190689982.5,,3,SUR,0.37
